Test Batch,True Positive,True Negative,False Positive,False Negative,Accuracy,Precision,Recall,F1-Score
6000,,,,,0.8330225988700566,0.8107909604519773,0.9494350282485876,0.8445318805488295
