Test Batch,True Positive,True Negative,False Positive,False Negative,Accuracy,Precision,Recall,F1-Score
6000,,,,,0.8141242937853108,0.8208757062146892,0.8822033898305084,0.8199394673123487
