Test Batch,True Positive,True Negative,False Positive,False Negative,Accuracy,Precision,Recall,F1-Score
6000,,,,,0.8632456140350876,0.8946052631578947,0.8938596491228072,0.8668671679197996
