Test Batch,True Positive,True Negative,False Positive,False Negative,Accuracy,Precision,Recall,F1-Score
6000,,,,,0.7106250000000001,0.7470833333333333,0.9333333333333333,0.7920238095238095
