Test Batch,True Positive,True Negative,False Positive,False Negative,Accuracy,Precision,Recall,F1-Score
6000,,,,,0.7841666666666667,0.8150000000000001,0.9562499999999999,0.8466369047619048
