Test Batch,True Positive,True Negative,False Positive,False Negative,Accuracy,Precision,Recall,F1-Score
6000,,,,,0.7632291666666666,0.8433333333333333,0.9010416666666667,0.8344196428571429
