Test Batch,True Positive,True Negative,False Positive,False Negative,Accuracy,Precision,Recall,F1-Score
6000,,,,,0.6031481481481481,0.6425925925925926,0.8796296296296295,0.7126190476190477
