Test Batch,True Positive,True Negative,False Positive,False Negative,Accuracy,Precision,Recall,F1-Score
6000,,,,,0.6651851851851852,0.7018518518518517,0.8925925925925926,0.7554761904761905
