Test Batch,True Positive,True Negative,False Positive,False Negative,Accuracy,Precision,Recall,F1-Score
6000,,,,,0.7010416666666666,0.7416666666666667,0.9104166666666667,0.7799404761904762
