Test Batch,True Positive,True Negative,False Positive,False Negative,Accuracy,Precision,Recall,F1-Score
6000,,,,,0.6329166666666666,0.6331249999999999,0.9125000000000001,0.7179166666666666
