Test Batch,True Positive,True Negative,False Positive,False Negative,Accuracy,Precision,Recall,F1-Score
6000,,,,,0.8090517241379311,0.7967816091954023,0.9356321839080458,0.8232019704433498
