Test Batch,True Positive,True Negative,False Positive,False Negative,Accuracy,Precision,Recall,F1-Score
6000,,,,,0.8711111111111112,0.9537037037037036,0.8935185185185185,0.9072751322751321
